--
-- PostgreSQL database dump
--

-- Dumped from database version 16.6
-- Dumped by pg_dump version 16.6

SET statement_timeout = 0;
SET lock_timeout = 0;
SET idle_in_transaction_session_timeout = 0;
SET client_encoding = 'UTF8';
SET standard_conforming_strings = on;
SELECT pg_catalog.set_config('search_path', '', false);
SET check_function_bodies = false;
SET xmloption = content;
SET client_min_messages = warning;
SET row_security = off;

--
-- Name: unaccent; Type: EXTENSION; Schema: -; Owner: -
--

CREATE EXTENSION IF NOT EXISTS unaccent WITH SCHEMA public;


--
-- Name: EXTENSION unaccent; Type: COMMENT; Schema: -; Owner: 
--

COMMENT ON EXTENSION unaccent IS 'text search dictionary that removes accents';


SET default_tablespace = '';

SET default_table_access_method = heap;

--
-- Name: auth_group; Type: TABLE; Schema: public; Owner: postgres
--

CREATE TABLE public.auth_group (
    id integer NOT NULL,
    name character varying(150) NOT NULL
);


ALTER TABLE public.auth_group OWNER TO postgres;

--
-- Name: auth_group_id_seq; Type: SEQUENCE; Schema: public; Owner: postgres
--

ALTER TABLE public.auth_group ALTER COLUMN id ADD GENERATED BY DEFAULT AS IDENTITY (
    SEQUENCE NAME public.auth_group_id_seq
    START WITH 1
    INCREMENT BY 1
    NO MINVALUE
    NO MAXVALUE
    CACHE 1
);


--
-- Name: auth_group_permissions; Type: TABLE; Schema: public; Owner: postgres
--

CREATE TABLE public.auth_group_permissions (
    id bigint NOT NULL,
    group_id integer NOT NULL,
    permission_id integer NOT NULL
);


ALTER TABLE public.auth_group_permissions OWNER TO postgres;

--
-- Name: auth_group_permissions_id_seq; Type: SEQUENCE; Schema: public; Owner: postgres
--

ALTER TABLE public.auth_group_permissions ALTER COLUMN id ADD GENERATED BY DEFAULT AS IDENTITY (
    SEQUENCE NAME public.auth_group_permissions_id_seq
    START WITH 1
    INCREMENT BY 1
    NO MINVALUE
    NO MAXVALUE
    CACHE 1
);


--
-- Name: auth_permission; Type: TABLE; Schema: public; Owner: postgres
--

CREATE TABLE public.auth_permission (
    id integer NOT NULL,
    name character varying(255) NOT NULL,
    content_type_id integer NOT NULL,
    codename character varying(100) NOT NULL
);


ALTER TABLE public.auth_permission OWNER TO postgres;

--
-- Name: auth_permission_id_seq; Type: SEQUENCE; Schema: public; Owner: postgres
--

ALTER TABLE public.auth_permission ALTER COLUMN id ADD GENERATED BY DEFAULT AS IDENTITY (
    SEQUENCE NAME public.auth_permission_id_seq
    START WITH 1
    INCREMENT BY 1
    NO MINVALUE
    NO MAXVALUE
    CACHE 1
);


--
-- Name: auth_user; Type: TABLE; Schema: public; Owner: postgres
--

CREATE TABLE public.auth_user (
    id integer NOT NULL,
    password character varying(128) NOT NULL,
    last_login timestamp with time zone,
    is_superuser boolean NOT NULL,
    username character varying(150) NOT NULL,
    first_name character varying(150) NOT NULL,
    last_name character varying(150) NOT NULL,
    email character varying(254) NOT NULL,
    is_staff boolean NOT NULL,
    is_active boolean NOT NULL,
    date_joined timestamp with time zone NOT NULL
);


ALTER TABLE public.auth_user OWNER TO postgres;

--
-- Name: auth_user_groups; Type: TABLE; Schema: public; Owner: postgres
--

CREATE TABLE public.auth_user_groups (
    id bigint NOT NULL,
    user_id integer NOT NULL,
    group_id integer NOT NULL
);


ALTER TABLE public.auth_user_groups OWNER TO postgres;

--
-- Name: auth_user_groups_id_seq; Type: SEQUENCE; Schema: public; Owner: postgres
--

ALTER TABLE public.auth_user_groups ALTER COLUMN id ADD GENERATED BY DEFAULT AS IDENTITY (
    SEQUENCE NAME public.auth_user_groups_id_seq
    START WITH 1
    INCREMENT BY 1
    NO MINVALUE
    NO MAXVALUE
    CACHE 1
);


--
-- Name: auth_user_id_seq; Type: SEQUENCE; Schema: public; Owner: postgres
--

ALTER TABLE public.auth_user ALTER COLUMN id ADD GENERATED BY DEFAULT AS IDENTITY (
    SEQUENCE NAME public.auth_user_id_seq
    START WITH 1
    INCREMENT BY 1
    NO MINVALUE
    NO MAXVALUE
    CACHE 1
);


--
-- Name: auth_user_user_permissions; Type: TABLE; Schema: public; Owner: postgres
--

CREATE TABLE public.auth_user_user_permissions (
    id bigint NOT NULL,
    user_id integer NOT NULL,
    permission_id integer NOT NULL
);


ALTER TABLE public.auth_user_user_permissions OWNER TO postgres;

--
-- Name: auth_user_user_permissions_id_seq; Type: SEQUENCE; Schema: public; Owner: postgres
--

ALTER TABLE public.auth_user_user_permissions ALTER COLUMN id ADD GENERATED BY DEFAULT AS IDENTITY (
    SEQUENCE NAME public.auth_user_user_permissions_id_seq
    START WITH 1
    INCREMENT BY 1
    NO MINVALUE
    NO MAXVALUE
    CACHE 1
);


--
-- Name: book; Type: TABLE; Schema: public; Owner: postgres
--

CREATE TABLE public.book (
    book_id integer NOT NULL,
    title character varying(100) NOT NULL,
    author character varying(30) NOT NULL,
    isbn character varying(17) NOT NULL,
    bbc character varying(30) NOT NULL,
    published_city character varying(50) NOT NULL,
    published_year integer NOT NULL,
    pages integer NOT NULL,
    image character varying(50) NOT NULL,
    description text NOT NULL,
    genre_id integer NOT NULL,
    publisher_id integer NOT NULL,
    is_available boolean NOT NULL
);


ALTER TABLE public.book OWNER TO postgres;

--
-- Name: book_book_id_seq; Type: SEQUENCE; Schema: public; Owner: postgres
--

ALTER TABLE public.book ALTER COLUMN book_id ADD GENERATED BY DEFAULT AS IDENTITY (
    SEQUENCE NAME public.book_book_id_seq
    START WITH 1
    INCREMENT BY 1
    NO MINVALUE
    NO MAXVALUE
    CACHE 1
);


--
-- Name: bookcopy; Type: TABLE; Schema: public; Owner: postgres
--

CREATE TABLE public.bookcopy (
    bookcopy_id integer NOT NULL,
    copy_number integer NOT NULL,
    is_available boolean NOT NULL,
    book_id integer NOT NULL,
    condition_id integer NOT NULL
);


ALTER TABLE public.bookcopy OWNER TO postgres;

--
-- Name: bookcopy_bookcopy_id_seq; Type: SEQUENCE; Schema: public; Owner: postgres
--

ALTER TABLE public.bookcopy ALTER COLUMN bookcopy_id ADD GENERATED BY DEFAULT AS IDENTITY (
    SEQUENCE NAME public.bookcopy_bookcopy_id_seq
    START WITH 1
    INCREMENT BY 1
    NO MINVALUE
    NO MAXVALUE
    CACHE 1
);


--
-- Name: bookcopycondition; Type: TABLE; Schema: public; Owner: postgres
--

CREATE TABLE public.bookcopycondition (
    condition_id integer NOT NULL,
    condition character varying
);


ALTER TABLE public.bookcopycondition OWNER TO postgres;

--
-- Name: bookcopycondition_condition_id_seq; Type: SEQUENCE; Schema: public; Owner: postgres
--

ALTER TABLE public.bookcopycondition ALTER COLUMN condition_id ADD GENERATED BY DEFAULT AS IDENTITY (
    SEQUENCE NAME public.bookcopycondition_condition_id_seq
    START WITH 1
    INCREMENT BY 1
    NO MINVALUE
    NO MAXVALUE
    CACHE 1
);


--
-- Name: django_admin_log; Type: TABLE; Schema: public; Owner: postgres
--

CREATE TABLE public.django_admin_log (
    id integer NOT NULL,
    action_time timestamp with time zone NOT NULL,
    object_id text,
    object_repr character varying(200) NOT NULL,
    action_flag smallint NOT NULL,
    change_message text NOT NULL,
    content_type_id integer,
    user_id integer NOT NULL,
    CONSTRAINT django_admin_log_action_flag_check CHECK ((action_flag >= 0))
);


ALTER TABLE public.django_admin_log OWNER TO postgres;

--
-- Name: django_admin_log_id_seq; Type: SEQUENCE; Schema: public; Owner: postgres
--

ALTER TABLE public.django_admin_log ALTER COLUMN id ADD GENERATED BY DEFAULT AS IDENTITY (
    SEQUENCE NAME public.django_admin_log_id_seq
    START WITH 1
    INCREMENT BY 1
    NO MINVALUE
    NO MAXVALUE
    CACHE 1
);


--
-- Name: django_content_type; Type: TABLE; Schema: public; Owner: postgres
--

CREATE TABLE public.django_content_type (
    id integer NOT NULL,
    app_label character varying(100) NOT NULL,
    model character varying(100) NOT NULL
);


ALTER TABLE public.django_content_type OWNER TO postgres;

--
-- Name: django_content_type_id_seq; Type: SEQUENCE; Schema: public; Owner: postgres
--

ALTER TABLE public.django_content_type ALTER COLUMN id ADD GENERATED BY DEFAULT AS IDENTITY (
    SEQUENCE NAME public.django_content_type_id_seq
    START WITH 1
    INCREMENT BY 1
    NO MINVALUE
    NO MAXVALUE
    CACHE 1
);


--
-- Name: django_migrations; Type: TABLE; Schema: public; Owner: postgres
--

CREATE TABLE public.django_migrations (
    id bigint NOT NULL,
    app character varying(255) NOT NULL,
    name character varying(255) NOT NULL,
    applied timestamp with time zone NOT NULL
);


ALTER TABLE public.django_migrations OWNER TO postgres;

--
-- Name: django_migrations_id_seq; Type: SEQUENCE; Schema: public; Owner: postgres
--

ALTER TABLE public.django_migrations ALTER COLUMN id ADD GENERATED BY DEFAULT AS IDENTITY (
    SEQUENCE NAME public.django_migrations_id_seq
    START WITH 1
    INCREMENT BY 1
    NO MINVALUE
    NO MAXVALUE
    CACHE 1
);


--
-- Name: django_session; Type: TABLE; Schema: public; Owner: postgres
--

CREATE TABLE public.django_session (
    session_key character varying(40) NOT NULL,
    session_data text NOT NULL,
    expire_date timestamp with time zone NOT NULL
);


ALTER TABLE public.django_session OWNER TO postgres;

--
-- Name: event; Type: TABLE; Schema: public; Owner: postgres
--

CREATE TABLE public.event (
    event_id integer NOT NULL,
    image text NOT NULL,
    date_time character varying(40) NOT NULL,
    title text NOT NULL
);


ALTER TABLE public.event OWNER TO postgres;

--
-- Name: event_event_id_seq; Type: SEQUENCE; Schema: public; Owner: postgres
--

ALTER TABLE public.event ALTER COLUMN event_id ADD GENERATED BY DEFAULT AS IDENTITY (
    SEQUENCE NAME public.event_event_id_seq
    START WITH 1
    INCREMENT BY 1
    NO MINVALUE
    NO MAXVALUE
    CACHE 1
);


--
-- Name: genre; Type: TABLE; Schema: public; Owner: postgres
--

CREATE TABLE public.genre (
    genre_id integer NOT NULL,
    genre character varying(50) NOT NULL
);


ALTER TABLE public.genre OWNER TO postgres;

--
-- Name: genre_genre_id_seq; Type: SEQUENCE; Schema: public; Owner: postgres
--

ALTER TABLE public.genre ALTER COLUMN genre_id ADD GENERATED BY DEFAULT AS IDENTITY (
    SEQUENCE NAME public.genre_genre_id_seq
    START WITH 1
    INCREMENT BY 1
    NO MINVALUE
    NO MAXVALUE
    CACHE 1
);


--
-- Name: loan; Type: TABLE; Schema: public; Owner: postgres
--

CREATE TABLE public.loan (
    loan_id integer NOT NULL,
    issue_date date NOT NULL,
    due_date date NOT NULL,
    return_date date,
    bookcopy_id integer NOT NULL,
    reader_id integer NOT NULL,
    status_id integer NOT NULL
);


ALTER TABLE public.loan OWNER TO postgres;

--
-- Name: loan_loan_id_seq; Type: SEQUENCE; Schema: public; Owner: postgres
--

ALTER TABLE public.loan ALTER COLUMN loan_id ADD GENERATED BY DEFAULT AS IDENTITY (
    SEQUENCE NAME public.loan_loan_id_seq
    START WITH 1
    INCREMENT BY 1
    NO MINVALUE
    NO MAXVALUE
    CACHE 1
);


--
-- Name: publisher; Type: TABLE; Schema: public; Owner: postgres
--

CREATE TABLE public.publisher (
    publisher_id integer NOT NULL,
    name character varying(30) NOT NULL
);


ALTER TABLE public.publisher OWNER TO postgres;

--
-- Name: publisher_publisher_id_seq; Type: SEQUENCE; Schema: public; Owner: postgres
--

ALTER TABLE public.publisher ALTER COLUMN publisher_id ADD GENERATED BY DEFAULT AS IDENTITY (
    SEQUENCE NAME public.publisher_publisher_id_seq
    START WITH 1
    INCREMENT BY 1
    NO MINVALUE
    NO MAXVALUE
    CACHE 1
);


--
-- Name: reader; Type: TABLE; Schema: public; Owner: postgres
--

CREATE TABLE public.reader (
    reader_id integer NOT NULL,
    ticket_number character varying(30),
    last_name character varying(30) NOT NULL,
    first_name character varying(30) NOT NULL,
    birth_date date NOT NULL,
    address character varying(100) NOT NULL,
    place_of_study character varying(50) NOT NULL,
    phone character varying(15) NOT NULL
);


ALTER TABLE public.reader OWNER TO postgres;

--
-- Name: reader_reader_id_seq; Type: SEQUENCE; Schema: public; Owner: postgres
--

ALTER TABLE public.reader ALTER COLUMN reader_id ADD GENERATED BY DEFAULT AS IDENTITY (
    SEQUENCE NAME public.reader_reader_id_seq
    START WITH 1
    INCREMENT BY 1
    NO MINVALUE
    NO MAXVALUE
    CACHE 1
);


--
-- Name: role; Type: TABLE; Schema: public; Owner: postgres
--

CREATE TABLE public.role (
    role_id integer NOT NULL,
    role character varying(20)
);


ALTER TABLE public.role OWNER TO postgres;

--
-- Name: role_role_id_seq; Type: SEQUENCE; Schema: public; Owner: postgres
--

ALTER TABLE public.role ALTER COLUMN role_id ADD GENERATED BY DEFAULT AS IDENTITY (
    SEQUENCE NAME public.role_role_id_seq
    START WITH 1
    INCREMENT BY 1
    NO MINVALUE
    NO MAXVALUE
    CACHE 1
);


--
-- Name: status; Type: TABLE; Schema: public; Owner: postgres
--

CREATE TABLE public.status (
    status_id integer NOT NULL,
    status character varying(20) NOT NULL
);


ALTER TABLE public.status OWNER TO postgres;

--
-- Name: status_status_id_seq; Type: SEQUENCE; Schema: public; Owner: postgres
--

ALTER TABLE public.status ALTER COLUMN status_id ADD GENERATED BY DEFAULT AS IDENTITY (
    SEQUENCE NAME public.status_status_id_seq
    START WITH 1
    INCREMENT BY 1
    NO MINVALUE
    NO MAXVALUE
    CACHE 1
);


--
-- Name: user; Type: TABLE; Schema: public; Owner: postgres
--

CREATE TABLE public."user" (
    user_id integer NOT NULL,
    username character varying(20) NOT NULL,
    hashed_password character varying(20) NOT NULL,
    reader_id integer NOT NULL,
    role integer NOT NULL
);


ALTER TABLE public."user" OWNER TO postgres;

--
-- Name: user_user_id_seq; Type: SEQUENCE; Schema: public; Owner: postgres
--

ALTER TABLE public."user" ALTER COLUMN user_id ADD GENERATED BY DEFAULT AS IDENTITY (
    SEQUENCE NAME public.user_user_id_seq
    START WITH 1
    INCREMENT BY 1
    NO MINVALUE
    NO MAXVALUE
    CACHE 1
);


--
-- Data for Name: auth_group; Type: TABLE DATA; Schema: public; Owner: postgres
--

COPY public.auth_group (id, name) FROM stdin;
\.


--
-- Data for Name: auth_group_permissions; Type: TABLE DATA; Schema: public; Owner: postgres
--

COPY public.auth_group_permissions (id, group_id, permission_id) FROM stdin;
\.


--
-- Data for Name: auth_permission; Type: TABLE DATA; Schema: public; Owner: postgres
--

COPY public.auth_permission (id, name, content_type_id, codename) FROM stdin;
1	Can add log entry	1	add_logentry
2	Can change log entry	1	change_logentry
3	Can delete log entry	1	delete_logentry
4	Can view log entry	1	view_logentry
5	Can add permission	3	add_permission
6	Can change permission	3	change_permission
7	Can delete permission	3	delete_permission
8	Can view permission	3	view_permission
9	Can add group	2	add_group
10	Can change group	2	change_group
11	Can delete group	2	delete_group
12	Can view group	2	view_group
13	Can add user	4	add_user
14	Can change user	4	change_user
15	Can delete user	4	delete_user
16	Can view user	4	view_user
17	Can add content type	5	add_contenttype
18	Can change content type	5	change_contenttype
19	Can delete content type	5	delete_contenttype
20	Can view content type	5	view_contenttype
21	Can add book	6	add_book
22	Can change book	6	change_book
23	Can delete book	6	delete_book
24	Can view book	6	view_book
25	Can add book copy condition	8	add_bookcopycondition
26	Can change book copy condition	8	change_bookcopycondition
27	Can delete book copy condition	8	delete_bookcopycondition
28	Can view book copy condition	8	view_bookcopycondition
29	Can add event	9	add_event
30	Can change event	9	change_event
31	Can delete event	9	delete_event
32	Can view event	9	view_event
33	Can add genre	10	add_genre
34	Can change genre	10	change_genre
35	Can delete genre	10	delete_genre
36	Can view genre	10	view_genre
37	Can add publisher	12	add_publisher
38	Can change publisher	12	change_publisher
39	Can delete publisher	12	delete_publisher
40	Can view publisher	12	view_publisher
41	Can add reader	13	add_reader
42	Can change reader	13	change_reader
43	Can delete reader	13	delete_reader
44	Can view reader	13	view_reader
45	Can add role	14	add_role
46	Can change role	14	change_role
47	Can delete role	14	delete_role
48	Can view role	14	view_role
49	Can add status	15	add_status
50	Can change status	15	change_status
51	Can delete status	15	delete_status
52	Can view status	15	view_status
53	Can add book copy	7	add_bookcopy
54	Can change book copy	7	change_bookcopy
55	Can delete book copy	7	delete_bookcopy
56	Can view book copy	7	view_bookcopy
57	Can add user	16	add_user
58	Can change user	16	change_user
59	Can delete user	16	delete_user
60	Can view user	16	view_user
61	Can add loan	11	add_loan
62	Can change loan	11	change_loan
63	Can delete loan	11	delete_loan
64	Can view loan	11	view_loan
65	Can add session	17	add_session
66	Can change session	17	change_session
67	Can delete session	17	delete_session
68	Can view session	17	view_session
\.


--
-- Data for Name: auth_user; Type: TABLE DATA; Schema: public; Owner: postgres
--

COPY public.auth_user (id, password, last_login, is_superuser, username, first_name, last_name, email, is_staff, is_active, date_joined) FROM stdin;
2	pbkdf2_sha256$1200000$ouX0OldbxNswiGm3Ha3UHm$uOBxCResgYvby1rJTcIOMtxfcrr2RHXGgs4JeHPl/Lk=	2026-02-06 22:11:41.587945+05	f	user				f	t	2026-02-06 21:50:03.991622+05
1	pbkdf2_sha256$1200000$bVG8e5wQsfYcGJ2FFJX329$/IY4QKScPrpz2EfaTxA0inglZ2NmWCCeBg+vnxwJLDI=	2026-02-06 23:06:40.75081+05	t	dima				t	t	2026-02-06 21:44:52.367308+05
\.


--
-- Data for Name: auth_user_groups; Type: TABLE DATA; Schema: public; Owner: postgres
--

COPY public.auth_user_groups (id, user_id, group_id) FROM stdin;
\.


--
-- Data for Name: auth_user_user_permissions; Type: TABLE DATA; Schema: public; Owner: postgres
--

COPY public.auth_user_user_permissions (id, user_id, permission_id) FROM stdin;
\.


--
-- Data for Name: book; Type: TABLE DATA; Schema: public; Owner: postgres
--

COPY public.book (book_id, title, author, isbn, bbc, published_city, published_year, pages, image, description, genre_id, publisher_id, is_available) FROM stdin;
2	На дне	Максим Горький	978-5-4472-3641-0	84(2Рос=Рус)1	Санкт-Петербург	2020	412	book_default.jpg	Социально-философская пьеса Максима Горького, описывающая жизнь обитателей ночлежки, опустившихся «на дно» общества. Действие происходит в мрачном подвале, напоминающем пещеру, где герои (бывшие дворяне, рабочие, воры) ведут споры о правде, сострадании и смысле жизни, пытаясь сохранить достоинство.	3	1	t
1	Война и мир	Лев Николаевич Толстой	978-5-04-100001-1	84(2Рос=Рус)1	Москва	2021	1350	voina-i-mir.jpg	Монументальный роман-эпопея Льва Толстого, охватывающий жизнь русского общества в период Наполеоновских войн (1805–1812), переплетающий судьбы нескольких дворянских семей (Ростовых, Болконских, Безуховых) с грандиозными историческими событиями, философскими размышлениями о жизни, смерти, любви и роли личности в истории, показывающий как войну (Аустерлиц, Бородино, пожар Москвы), так и мирную жизнь, семейные драмы и поиски смысла бытия	1	1	t
\.


--
-- Data for Name: bookcopy; Type: TABLE DATA; Schema: public; Owner: postgres
--

COPY public.bookcopy (bookcopy_id, copy_number, is_available, book_id, condition_id) FROM stdin;
4	3	t	2	2
3	2	t	1	2
2	1	t	1	1
\.


--
-- Data for Name: bookcopycondition; Type: TABLE DATA; Schema: public; Owner: postgres
--

COPY public.bookcopycondition (condition_id, condition) FROM stdin;
1	Новая
2	Хорошее
3	Среднее
\.


--
-- Data for Name: django_admin_log; Type: TABLE DATA; Schema: public; Owner: postgres
--

COPY public.django_admin_log (id, action_time, object_id, object_repr, action_flag, change_message, content_type_id, user_id) FROM stdin;
1	2026-02-06 23:03:44.597815+05	1	Иванов	1	[{"added": {}}]	13	1
2	2026-02-06 23:04:04.590583+05	1	Новая	1	[{"added": {}}]	8	1
3	2026-02-06 23:04:08.248765+05	2	Хорошее	1	[{"added": {}}]	8	1
4	2026-02-06 23:04:11.421372+05	3	Среднее	1	[{"added": {}}]	8	1
5	2026-02-06 23:04:38.147009+05	2	BookCopy object (2)	1	[{"added": {}}]	7	1
6	2026-02-06 23:04:47.746632+05	3	BookCopy object (3)	1	[{"added": {}}]	7	1
7	2026-02-06 23:04:55.893351+05	4	BookCopy object (4)	1	[{"added": {}}]	7	1
8	2026-02-06 23:06:17.979737+05	2	Пупкин	1	[{"added": {}}]	13	1
9	2026-02-06 23:10:59.530325+05	1	Завершён	1	[{"added": {}}]	15	1
10	2026-02-06 23:11:07.737028+05	2	Активен	1	[{"added": {}}]	15	1
11	2026-02-07 12:33:32.687563+05	11	ID: 11, книга:  На дне, дата выдачи: 2026-02-06, дата ожидаемого возврата: 2026-02-06, фактическая дата возврата: 2026-02-07, читатель: Пупкин Иван 	3		11	1
12	2026-02-07 12:33:37.058455+05	10	ID: 10, книга:  Война и мир, дата выдачи: 2026-02-06, дата ожидаемого возврата: 2026-02-22, фактическая дата возврата: 2026-02-13, читатель: Иванов Иван 	3		11	1
13	2026-02-07 12:33:40.977331+05	9	ID: 9, книга:  Война и мир, дата выдачи: 2026-02-06, дата ожидаемого возврата: 2026-02-20, фактическая дата возврата: ---, читатель: Иванов Иван 	3		11	1
14	2026-02-07 12:33:44.245702+05	8	ID: 8, книга:  Война и мир, дата выдачи: 2026-02-06, дата ожидаемого возврата: 2026-02-20, фактическая дата возврата: ---, читатель: Иванов Иван 	3		11	1
\.


--
-- Data for Name: django_content_type; Type: TABLE DATA; Schema: public; Owner: postgres
--

COPY public.django_content_type (id, app_label, model) FROM stdin;
1	admin	logentry
2	auth	group
3	auth	permission
4	auth	user
5	contenttypes	contenttype
6	core	book
7	core	bookcopy
8	core	bookcopycondition
9	core	event
10	core	genre
11	core	loan
12	core	publisher
13	core	reader
14	core	role
15	core	status
16	core	user
17	sessions	session
\.


--
-- Data for Name: django_migrations; Type: TABLE DATA; Schema: public; Owner: postgres
--

COPY public.django_migrations (id, app, name, applied) FROM stdin;
39	contenttypes	0001_initial	2026-02-06 21:43:43.109454+05
40	auth	0001_initial	2026-02-06 21:43:43.220399+05
41	admin	0001_initial	2026-02-06 21:43:43.252572+05
42	admin	0002_logentry_remove_auto_add	2026-02-06 21:43:43.256626+05
43	admin	0003_logentry_add_action_flag_choices	2026-02-06 21:43:43.259624+05
44	contenttypes	0002_remove_content_type_name	2026-02-06 21:43:43.26913+05
45	auth	0002_alter_permission_name_max_length	2026-02-06 21:43:43.273132+05
46	auth	0003_alter_user_email_max_length	2026-02-06 21:43:43.278462+05
47	auth	0004_alter_user_username_opts	2026-02-06 21:43:43.282462+05
48	auth	0005_alter_user_last_login_null	2026-02-06 21:43:43.286968+05
49	auth	0006_require_contenttypes_0002	2026-02-06 21:43:43.286968+05
50	auth	0007_alter_validators_add_error_messages	2026-02-06 21:43:43.291968+05
51	auth	0008_alter_user_username_max_length	2026-02-06 21:43:43.303473+05
52	auth	0009_alter_user_last_name_max_length	2026-02-06 21:43:43.308556+05
53	auth	0010_alter_group_name_max_length	2026-02-06 21:43:43.314062+05
54	auth	0011_update_proxy_permissions	2026-02-06 21:43:43.317066+05
55	auth	0012_alter_user_first_name_max_length	2026-02-06 21:43:43.321574+05
56	core	0001_initial	2026-02-06 21:43:43.354483+05
57	core	0002_delete_user	2026-02-06 21:44:12.413354+05
58	sessions	0001_initial	2026-02-06 21:46:36.620708+05
59	core	0003_book_is_available	2026-02-06 22:53:28.071338+05
60	core	0004_alter_loan_book_copy_alter_loan_due_date_and_more	2026-02-06 23:13:47.633339+05
\.


--
-- Data for Name: django_session; Type: TABLE DATA; Schema: public; Owner: postgres
--

COPY public.django_session (session_key, session_data, expire_date) FROM stdin;
8zgg5ax4ispglnkt0bnqpuh0cbyjn6fl	.eJxVjEEOwiAQRe_C2hBgKBSX7j0DYZhBqoYmpV0Z765NutDtf-_9l4hpW2vcOi9xInEWWpx-N0z5wW0HdE_tNss8t3WZUO6KPGiX15n4eTncv4Oaev3WVhtHLtMQRq-pFPADuBwMQ9GYQZNiVJ4NMrgUmPxoChYVLCurwHjx_gDinzfU:1voQE4:W9V7R8svQzmNTnEHzXfizeeFaovtfkaHw8FaCmRCGjI	2026-02-20 23:06:40.75181+05
\.


--
-- Data for Name: event; Type: TABLE DATA; Schema: public; Owner: postgres
--

COPY public.event (event_id, image, date_time, title) FROM stdin;
1	event1.jpg	29 февраля	Международная научно-практическая конференция «Румянцевские чтения — 2026»
2	event2.jpg	29 февраля	Всероссийский семинар «Признание обществом заслуг ветеранов СВО: роль библиотек»
3	event3.jpg	29 февраля	Киноклуб «Время героев»: фильм «Лермонтов»
4	event4.jpg	29 февраля	Выставка «Картография‑2025»
5	event5.jpg	29 февраля	Выставка «Божественный Моцарт»
6	event6.jpg	29 февраля	Выставка «Потребитель и его права: законодательство в области защиты прав потребителей»
7	event7.jpg	29 февраля	Выставка «Зимняя феерия»
\.


--
-- Data for Name: genre; Type: TABLE DATA; Schema: public; Owner: postgres
--

COPY public.genre (genre_id, genre) FROM stdin;
1	Роман
2	Драма
3	Пьеса
\.


--
-- Data for Name: loan; Type: TABLE DATA; Schema: public; Owner: postgres
--

COPY public.loan (loan_id, issue_date, due_date, return_date, bookcopy_id, reader_id, status_id) FROM stdin;
12	2026-02-06	2026-02-20	2026-02-06	2	1	1
\.


--
-- Data for Name: publisher; Type: TABLE DATA; Schema: public; Owner: postgres
--

COPY public.publisher (publisher_id, name) FROM stdin;
1	ЭКСМО
\.


--
-- Data for Name: reader; Type: TABLE DATA; Schema: public; Owner: postgres
--

COPY public.reader (reader_id, ticket_number, last_name, first_name, birth_date, address, place_of_study, phone) FROM stdin;
1	ANNNN-YY	Иван	Иванов	2026-02-06	Г.Москва ул.Ленина д.23 кв.10	МГУ	+7777777777
2	ANNNN-YG	Иван	Пупкин	2026-02-06	Г.Москва ул.Ленина д.23 кв.11	МГИМО	+?9102029288
\.


--
-- Data for Name: role; Type: TABLE DATA; Schema: public; Owner: postgres
--

COPY public.role (role_id, role) FROM stdin;
1	reader
2	admin
3	librarian
\.


--
-- Data for Name: status; Type: TABLE DATA; Schema: public; Owner: postgres
--

COPY public.status (status_id, status) FROM stdin;
1	Завершён
2	Активен
\.


--
-- Data for Name: user; Type: TABLE DATA; Schema: public; Owner: postgres
--

COPY public."user" (user_id, username, hashed_password, reader_id, role) FROM stdin;
\.


--
-- Name: auth_group_id_seq; Type: SEQUENCE SET; Schema: public; Owner: postgres
--

SELECT pg_catalog.setval('public.auth_group_id_seq', 1, false);


--
-- Name: auth_group_permissions_id_seq; Type: SEQUENCE SET; Schema: public; Owner: postgres
--

SELECT pg_catalog.setval('public.auth_group_permissions_id_seq', 1, false);


--
-- Name: auth_permission_id_seq; Type: SEQUENCE SET; Schema: public; Owner: postgres
--

SELECT pg_catalog.setval('public.auth_permission_id_seq', 68, true);


--
-- Name: auth_user_groups_id_seq; Type: SEQUENCE SET; Schema: public; Owner: postgres
--

SELECT pg_catalog.setval('public.auth_user_groups_id_seq', 1, false);


--
-- Name: auth_user_id_seq; Type: SEQUENCE SET; Schema: public; Owner: postgres
--

SELECT pg_catalog.setval('public.auth_user_id_seq', 2, true);


--
-- Name: auth_user_user_permissions_id_seq; Type: SEQUENCE SET; Schema: public; Owner: postgres
--

SELECT pg_catalog.setval('public.auth_user_user_permissions_id_seq', 1, false);


--
-- Name: book_book_id_seq; Type: SEQUENCE SET; Schema: public; Owner: postgres
--

SELECT pg_catalog.setval('public.book_book_id_seq', 2, true);


--
-- Name: bookcopy_bookcopy_id_seq; Type: SEQUENCE SET; Schema: public; Owner: postgres
--

SELECT pg_catalog.setval('public.bookcopy_bookcopy_id_seq', 4, true);


--
-- Name: bookcopycondition_condition_id_seq; Type: SEQUENCE SET; Schema: public; Owner: postgres
--

SELECT pg_catalog.setval('public.bookcopycondition_condition_id_seq', 3, true);


--
-- Name: django_admin_log_id_seq; Type: SEQUENCE SET; Schema: public; Owner: postgres
--

SELECT pg_catalog.setval('public.django_admin_log_id_seq', 14, true);


--
-- Name: django_content_type_id_seq; Type: SEQUENCE SET; Schema: public; Owner: postgres
--

SELECT pg_catalog.setval('public.django_content_type_id_seq', 17, true);


--
-- Name: django_migrations_id_seq; Type: SEQUENCE SET; Schema: public; Owner: postgres
--

SELECT pg_catalog.setval('public.django_migrations_id_seq', 60, true);


--
-- Name: event_event_id_seq; Type: SEQUENCE SET; Schema: public; Owner: postgres
--

SELECT pg_catalog.setval('public.event_event_id_seq', 7, true);


--
-- Name: genre_genre_id_seq; Type: SEQUENCE SET; Schema: public; Owner: postgres
--

SELECT pg_catalog.setval('public.genre_genre_id_seq', 3, true);


--
-- Name: loan_loan_id_seq; Type: SEQUENCE SET; Schema: public; Owner: postgres
--

SELECT pg_catalog.setval('public.loan_loan_id_seq', 12, true);


--
-- Name: publisher_publisher_id_seq; Type: SEQUENCE SET; Schema: public; Owner: postgres
--

SELECT pg_catalog.setval('public.publisher_publisher_id_seq', 1, true);


--
-- Name: reader_reader_id_seq; Type: SEQUENCE SET; Schema: public; Owner: postgres
--

SELECT pg_catalog.setval('public.reader_reader_id_seq', 2, true);


--
-- Name: role_role_id_seq; Type: SEQUENCE SET; Schema: public; Owner: postgres
--

SELECT pg_catalog.setval('public.role_role_id_seq', 3, true);


--
-- Name: status_status_id_seq; Type: SEQUENCE SET; Schema: public; Owner: postgres
--

SELECT pg_catalog.setval('public.status_status_id_seq', 2, true);


--
-- Name: user_user_id_seq; Type: SEQUENCE SET; Schema: public; Owner: postgres
--

SELECT pg_catalog.setval('public.user_user_id_seq', 1, false);


--
-- Name: auth_group auth_group_name_key; Type: CONSTRAINT; Schema: public; Owner: postgres
--

ALTER TABLE ONLY public.auth_group
    ADD CONSTRAINT auth_group_name_key UNIQUE (name);


--
-- Name: auth_group_permissions auth_group_permissions_group_id_permission_id_0cd325b0_uniq; Type: CONSTRAINT; Schema: public; Owner: postgres
--

ALTER TABLE ONLY public.auth_group_permissions
    ADD CONSTRAINT auth_group_permissions_group_id_permission_id_0cd325b0_uniq UNIQUE (group_id, permission_id);


--
-- Name: auth_group_permissions auth_group_permissions_pkey; Type: CONSTRAINT; Schema: public; Owner: postgres
--

ALTER TABLE ONLY public.auth_group_permissions
    ADD CONSTRAINT auth_group_permissions_pkey PRIMARY KEY (id);


--
-- Name: auth_group auth_group_pkey; Type: CONSTRAINT; Schema: public; Owner: postgres
--

ALTER TABLE ONLY public.auth_group
    ADD CONSTRAINT auth_group_pkey PRIMARY KEY (id);


--
-- Name: auth_permission auth_permission_content_type_id_codename_01ab375a_uniq; Type: CONSTRAINT; Schema: public; Owner: postgres
--

ALTER TABLE ONLY public.auth_permission
    ADD CONSTRAINT auth_permission_content_type_id_codename_01ab375a_uniq UNIQUE (content_type_id, codename);


--
-- Name: auth_permission auth_permission_pkey; Type: CONSTRAINT; Schema: public; Owner: postgres
--

ALTER TABLE ONLY public.auth_permission
    ADD CONSTRAINT auth_permission_pkey PRIMARY KEY (id);


--
-- Name: auth_user_groups auth_user_groups_pkey; Type: CONSTRAINT; Schema: public; Owner: postgres
--

ALTER TABLE ONLY public.auth_user_groups
    ADD CONSTRAINT auth_user_groups_pkey PRIMARY KEY (id);


--
-- Name: auth_user_groups auth_user_groups_user_id_group_id_94350c0c_uniq; Type: CONSTRAINT; Schema: public; Owner: postgres
--

ALTER TABLE ONLY public.auth_user_groups
    ADD CONSTRAINT auth_user_groups_user_id_group_id_94350c0c_uniq UNIQUE (user_id, group_id);


--
-- Name: auth_user auth_user_pkey; Type: CONSTRAINT; Schema: public; Owner: postgres
--

ALTER TABLE ONLY public.auth_user
    ADD CONSTRAINT auth_user_pkey PRIMARY KEY (id);


--
-- Name: auth_user_user_permissions auth_user_user_permissions_pkey; Type: CONSTRAINT; Schema: public; Owner: postgres
--

ALTER TABLE ONLY public.auth_user_user_permissions
    ADD CONSTRAINT auth_user_user_permissions_pkey PRIMARY KEY (id);


--
-- Name: auth_user_user_permissions auth_user_user_permissions_user_id_permission_id_14a6b632_uniq; Type: CONSTRAINT; Schema: public; Owner: postgres
--

ALTER TABLE ONLY public.auth_user_user_permissions
    ADD CONSTRAINT auth_user_user_permissions_user_id_permission_id_14a6b632_uniq UNIQUE (user_id, permission_id);


--
-- Name: auth_user auth_user_username_key; Type: CONSTRAINT; Schema: public; Owner: postgres
--

ALTER TABLE ONLY public.auth_user
    ADD CONSTRAINT auth_user_username_key UNIQUE (username);


--
-- Name: book book_pkey; Type: CONSTRAINT; Schema: public; Owner: postgres
--

ALTER TABLE ONLY public.book
    ADD CONSTRAINT book_pkey PRIMARY KEY (book_id);


--
-- Name: bookcopy bookcopy_copy_number_key; Type: CONSTRAINT; Schema: public; Owner: postgres
--

ALTER TABLE ONLY public.bookcopy
    ADD CONSTRAINT bookcopy_copy_number_key UNIQUE (copy_number);


--
-- Name: bookcopy bookcopy_pkey; Type: CONSTRAINT; Schema: public; Owner: postgres
--

ALTER TABLE ONLY public.bookcopy
    ADD CONSTRAINT bookcopy_pkey PRIMARY KEY (bookcopy_id);


--
-- Name: bookcopycondition bookcopycondition_condition_key; Type: CONSTRAINT; Schema: public; Owner: postgres
--

ALTER TABLE ONLY public.bookcopycondition
    ADD CONSTRAINT bookcopycondition_condition_key UNIQUE (condition);


--
-- Name: bookcopycondition bookcopycondition_pkey; Type: CONSTRAINT; Schema: public; Owner: postgres
--

ALTER TABLE ONLY public.bookcopycondition
    ADD CONSTRAINT bookcopycondition_pkey PRIMARY KEY (condition_id);


--
-- Name: django_admin_log django_admin_log_pkey; Type: CONSTRAINT; Schema: public; Owner: postgres
--

ALTER TABLE ONLY public.django_admin_log
    ADD CONSTRAINT django_admin_log_pkey PRIMARY KEY (id);


--
-- Name: django_content_type django_content_type_app_label_model_76bd3d3b_uniq; Type: CONSTRAINT; Schema: public; Owner: postgres
--

ALTER TABLE ONLY public.django_content_type
    ADD CONSTRAINT django_content_type_app_label_model_76bd3d3b_uniq UNIQUE (app_label, model);


--
-- Name: django_content_type django_content_type_pkey; Type: CONSTRAINT; Schema: public; Owner: postgres
--

ALTER TABLE ONLY public.django_content_type
    ADD CONSTRAINT django_content_type_pkey PRIMARY KEY (id);


--
-- Name: django_migrations django_migrations_pkey; Type: CONSTRAINT; Schema: public; Owner: postgres
--

ALTER TABLE ONLY public.django_migrations
    ADD CONSTRAINT django_migrations_pkey PRIMARY KEY (id);


--
-- Name: django_session django_session_pkey; Type: CONSTRAINT; Schema: public; Owner: postgres
--

ALTER TABLE ONLY public.django_session
    ADD CONSTRAINT django_session_pkey PRIMARY KEY (session_key);


--
-- Name: event event_pkey; Type: CONSTRAINT; Schema: public; Owner: postgres
--

ALTER TABLE ONLY public.event
    ADD CONSTRAINT event_pkey PRIMARY KEY (event_id);


--
-- Name: genre genre_pkey; Type: CONSTRAINT; Schema: public; Owner: postgres
--

ALTER TABLE ONLY public.genre
    ADD CONSTRAINT genre_pkey PRIMARY KEY (genre_id);


--
-- Name: loan loan_pkey; Type: CONSTRAINT; Schema: public; Owner: postgres
--

ALTER TABLE ONLY public.loan
    ADD CONSTRAINT loan_pkey PRIMARY KEY (loan_id);


--
-- Name: publisher publisher_pkey; Type: CONSTRAINT; Schema: public; Owner: postgres
--

ALTER TABLE ONLY public.publisher
    ADD CONSTRAINT publisher_pkey PRIMARY KEY (publisher_id);


--
-- Name: reader reader_pkey; Type: CONSTRAINT; Schema: public; Owner: postgres
--

ALTER TABLE ONLY public.reader
    ADD CONSTRAINT reader_pkey PRIMARY KEY (reader_id);


--
-- Name: reader reader_ticket_number_key; Type: CONSTRAINT; Schema: public; Owner: postgres
--

ALTER TABLE ONLY public.reader
    ADD CONSTRAINT reader_ticket_number_key UNIQUE (ticket_number);


--
-- Name: role role_pkey; Type: CONSTRAINT; Schema: public; Owner: postgres
--

ALTER TABLE ONLY public.role
    ADD CONSTRAINT role_pkey PRIMARY KEY (role_id);


--
-- Name: role role_role_key; Type: CONSTRAINT; Schema: public; Owner: postgres
--

ALTER TABLE ONLY public.role
    ADD CONSTRAINT role_role_key UNIQUE (role);


--
-- Name: status status_pkey; Type: CONSTRAINT; Schema: public; Owner: postgres
--

ALTER TABLE ONLY public.status
    ADD CONSTRAINT status_pkey PRIMARY KEY (status_id);


--
-- Name: status status_status_key; Type: CONSTRAINT; Schema: public; Owner: postgres
--

ALTER TABLE ONLY public.status
    ADD CONSTRAINT status_status_key UNIQUE (status);


--
-- Name: user user_pkey; Type: CONSTRAINT; Schema: public; Owner: postgres
--

ALTER TABLE ONLY public."user"
    ADD CONSTRAINT user_pkey PRIMARY KEY (user_id);


--
-- Name: auth_group_name_a6ea08ec_like; Type: INDEX; Schema: public; Owner: postgres
--

CREATE INDEX auth_group_name_a6ea08ec_like ON public.auth_group USING btree (name varchar_pattern_ops);


--
-- Name: auth_group_permissions_group_id_b120cbf9; Type: INDEX; Schema: public; Owner: postgres
--

CREATE INDEX auth_group_permissions_group_id_b120cbf9 ON public.auth_group_permissions USING btree (group_id);


--
-- Name: auth_group_permissions_permission_id_84c5c92e; Type: INDEX; Schema: public; Owner: postgres
--

CREATE INDEX auth_group_permissions_permission_id_84c5c92e ON public.auth_group_permissions USING btree (permission_id);


--
-- Name: auth_permission_content_type_id_2f476e4b; Type: INDEX; Schema: public; Owner: postgres
--

CREATE INDEX auth_permission_content_type_id_2f476e4b ON public.auth_permission USING btree (content_type_id);


--
-- Name: auth_user_groups_group_id_97559544; Type: INDEX; Schema: public; Owner: postgres
--

CREATE INDEX auth_user_groups_group_id_97559544 ON public.auth_user_groups USING btree (group_id);


--
-- Name: auth_user_groups_user_id_6a12ed8b; Type: INDEX; Schema: public; Owner: postgres
--

CREATE INDEX auth_user_groups_user_id_6a12ed8b ON public.auth_user_groups USING btree (user_id);


--
-- Name: auth_user_user_permissions_permission_id_1fbb5f2c; Type: INDEX; Schema: public; Owner: postgres
--

CREATE INDEX auth_user_user_permissions_permission_id_1fbb5f2c ON public.auth_user_user_permissions USING btree (permission_id);


--
-- Name: auth_user_user_permissions_user_id_a95ead1b; Type: INDEX; Schema: public; Owner: postgres
--

CREATE INDEX auth_user_user_permissions_user_id_a95ead1b ON public.auth_user_user_permissions USING btree (user_id);


--
-- Name: auth_user_username_6821ab7c_like; Type: INDEX; Schema: public; Owner: postgres
--

CREATE INDEX auth_user_username_6821ab7c_like ON public.auth_user USING btree (username varchar_pattern_ops);


--
-- Name: book_genre_id_8c19bb40; Type: INDEX; Schema: public; Owner: postgres
--

CREATE INDEX book_genre_id_8c19bb40 ON public.book USING btree (genre_id);


--
-- Name: book_publisher_id_ac4b162a; Type: INDEX; Schema: public; Owner: postgres
--

CREATE INDEX book_publisher_id_ac4b162a ON public.book USING btree (publisher_id);


--
-- Name: bookcopy_book_id_74ada0bb; Type: INDEX; Schema: public; Owner: postgres
--

CREATE INDEX bookcopy_book_id_74ada0bb ON public.bookcopy USING btree (book_id);


--
-- Name: bookcopy_condition_id_b2537fbc; Type: INDEX; Schema: public; Owner: postgres
--

CREATE INDEX bookcopy_condition_id_b2537fbc ON public.bookcopy USING btree (condition_id);


--
-- Name: bookcopycondition_condition_5f770ce2_like; Type: INDEX; Schema: public; Owner: postgres
--

CREATE INDEX bookcopycondition_condition_5f770ce2_like ON public.bookcopycondition USING btree (condition varchar_pattern_ops);


--
-- Name: django_admin_log_content_type_id_c4bce8eb; Type: INDEX; Schema: public; Owner: postgres
--

CREATE INDEX django_admin_log_content_type_id_c4bce8eb ON public.django_admin_log USING btree (content_type_id);


--
-- Name: django_admin_log_user_id_c564eba6; Type: INDEX; Schema: public; Owner: postgres
--

CREATE INDEX django_admin_log_user_id_c564eba6 ON public.django_admin_log USING btree (user_id);


--
-- Name: django_session_expire_date_a5c62663; Type: INDEX; Schema: public; Owner: postgres
--

CREATE INDEX django_session_expire_date_a5c62663 ON public.django_session USING btree (expire_date);


--
-- Name: django_session_session_key_c0390e0f_like; Type: INDEX; Schema: public; Owner: postgres
--

CREATE INDEX django_session_session_key_c0390e0f_like ON public.django_session USING btree (session_key varchar_pattern_ops);


--
-- Name: loan_bookcopy_id_88190ed0; Type: INDEX; Schema: public; Owner: postgres
--

CREATE INDEX loan_bookcopy_id_88190ed0 ON public.loan USING btree (bookcopy_id);


--
-- Name: loan_reader_id_d14a5310; Type: INDEX; Schema: public; Owner: postgres
--

CREATE INDEX loan_reader_id_d14a5310 ON public.loan USING btree (reader_id);


--
-- Name: loan_status_id_dcdb80b8; Type: INDEX; Schema: public; Owner: postgres
--

CREATE INDEX loan_status_id_dcdb80b8 ON public.loan USING btree (status_id);


--
-- Name: reader_ticket_number_c028f952_like; Type: INDEX; Schema: public; Owner: postgres
--

CREATE INDEX reader_ticket_number_c028f952_like ON public.reader USING btree (ticket_number varchar_pattern_ops);


--
-- Name: role_role_4e0cdb87_like; Type: INDEX; Schema: public; Owner: postgres
--

CREATE INDEX role_role_4e0cdb87_like ON public.role USING btree (role varchar_pattern_ops);


--
-- Name: status_status_015eb90e_like; Type: INDEX; Schema: public; Owner: postgres
--

CREATE INDEX status_status_015eb90e_like ON public.status USING btree (status varchar_pattern_ops);


--
-- Name: user_reader_id_083aac6d; Type: INDEX; Schema: public; Owner: postgres
--

CREATE INDEX user_reader_id_083aac6d ON public."user" USING btree (reader_id);


--
-- Name: user_role_98c1d1d0; Type: INDEX; Schema: public; Owner: postgres
--

CREATE INDEX user_role_98c1d1d0 ON public."user" USING btree (role);


--
-- Name: auth_group_permissions auth_group_permissio_permission_id_84c5c92e_fk_auth_perm; Type: FK CONSTRAINT; Schema: public; Owner: postgres
--

ALTER TABLE ONLY public.auth_group_permissions
    ADD CONSTRAINT auth_group_permissio_permission_id_84c5c92e_fk_auth_perm FOREIGN KEY (permission_id) REFERENCES public.auth_permission(id) DEFERRABLE INITIALLY DEFERRED;


--
-- Name: auth_group_permissions auth_group_permissions_group_id_b120cbf9_fk_auth_group_id; Type: FK CONSTRAINT; Schema: public; Owner: postgres
--

ALTER TABLE ONLY public.auth_group_permissions
    ADD CONSTRAINT auth_group_permissions_group_id_b120cbf9_fk_auth_group_id FOREIGN KEY (group_id) REFERENCES public.auth_group(id) DEFERRABLE INITIALLY DEFERRED;


--
-- Name: auth_permission auth_permission_content_type_id_2f476e4b_fk_django_co; Type: FK CONSTRAINT; Schema: public; Owner: postgres
--

ALTER TABLE ONLY public.auth_permission
    ADD CONSTRAINT auth_permission_content_type_id_2f476e4b_fk_django_co FOREIGN KEY (content_type_id) REFERENCES public.django_content_type(id) DEFERRABLE INITIALLY DEFERRED;


--
-- Name: auth_user_groups auth_user_groups_group_id_97559544_fk_auth_group_id; Type: FK CONSTRAINT; Schema: public; Owner: postgres
--

ALTER TABLE ONLY public.auth_user_groups
    ADD CONSTRAINT auth_user_groups_group_id_97559544_fk_auth_group_id FOREIGN KEY (group_id) REFERENCES public.auth_group(id) DEFERRABLE INITIALLY DEFERRED;


--
-- Name: auth_user_groups auth_user_groups_user_id_6a12ed8b_fk_auth_user_id; Type: FK CONSTRAINT; Schema: public; Owner: postgres
--

ALTER TABLE ONLY public.auth_user_groups
    ADD CONSTRAINT auth_user_groups_user_id_6a12ed8b_fk_auth_user_id FOREIGN KEY (user_id) REFERENCES public.auth_user(id) DEFERRABLE INITIALLY DEFERRED;


--
-- Name: auth_user_user_permissions auth_user_user_permi_permission_id_1fbb5f2c_fk_auth_perm; Type: FK CONSTRAINT; Schema: public; Owner: postgres
--

ALTER TABLE ONLY public.auth_user_user_permissions
    ADD CONSTRAINT auth_user_user_permi_permission_id_1fbb5f2c_fk_auth_perm FOREIGN KEY (permission_id) REFERENCES public.auth_permission(id) DEFERRABLE INITIALLY DEFERRED;


--
-- Name: auth_user_user_permissions auth_user_user_permissions_user_id_a95ead1b_fk_auth_user_id; Type: FK CONSTRAINT; Schema: public; Owner: postgres
--

ALTER TABLE ONLY public.auth_user_user_permissions
    ADD CONSTRAINT auth_user_user_permissions_user_id_a95ead1b_fk_auth_user_id FOREIGN KEY (user_id) REFERENCES public.auth_user(id) DEFERRABLE INITIALLY DEFERRED;


--
-- Name: book book_genre_id_8c19bb40_fk_genre_genre_id; Type: FK CONSTRAINT; Schema: public; Owner: postgres
--

ALTER TABLE ONLY public.book
    ADD CONSTRAINT book_genre_id_8c19bb40_fk_genre_genre_id FOREIGN KEY (genre_id) REFERENCES public.genre(genre_id) DEFERRABLE INITIALLY DEFERRED;


--
-- Name: book book_publisher_id_ac4b162a_fk_publisher_publisher_id; Type: FK CONSTRAINT; Schema: public; Owner: postgres
--

ALTER TABLE ONLY public.book
    ADD CONSTRAINT book_publisher_id_ac4b162a_fk_publisher_publisher_id FOREIGN KEY (publisher_id) REFERENCES public.publisher(publisher_id) DEFERRABLE INITIALLY DEFERRED;


--
-- Name: bookcopy bookcopy_book_id_74ada0bb_fk_book_book_id; Type: FK CONSTRAINT; Schema: public; Owner: postgres
--

ALTER TABLE ONLY public.bookcopy
    ADD CONSTRAINT bookcopy_book_id_74ada0bb_fk_book_book_id FOREIGN KEY (book_id) REFERENCES public.book(book_id) DEFERRABLE INITIALLY DEFERRED;


--
-- Name: bookcopy bookcopy_condition_id_b2537fbc_fk_bookcopyc; Type: FK CONSTRAINT; Schema: public; Owner: postgres
--

ALTER TABLE ONLY public.bookcopy
    ADD CONSTRAINT bookcopy_condition_id_b2537fbc_fk_bookcopyc FOREIGN KEY (condition_id) REFERENCES public.bookcopycondition(condition_id) DEFERRABLE INITIALLY DEFERRED;


--
-- Name: django_admin_log django_admin_log_content_type_id_c4bce8eb_fk_django_co; Type: FK CONSTRAINT; Schema: public; Owner: postgres
--

ALTER TABLE ONLY public.django_admin_log
    ADD CONSTRAINT django_admin_log_content_type_id_c4bce8eb_fk_django_co FOREIGN KEY (content_type_id) REFERENCES public.django_content_type(id) DEFERRABLE INITIALLY DEFERRED;


--
-- Name: django_admin_log django_admin_log_user_id_c564eba6_fk_auth_user_id; Type: FK CONSTRAINT; Schema: public; Owner: postgres
--

ALTER TABLE ONLY public.django_admin_log
    ADD CONSTRAINT django_admin_log_user_id_c564eba6_fk_auth_user_id FOREIGN KEY (user_id) REFERENCES public.auth_user(id) DEFERRABLE INITIALLY DEFERRED;


--
-- Name: loan loan_bookcopy_id_88190ed0_fk_bookcopy_bookcopy_id; Type: FK CONSTRAINT; Schema: public; Owner: postgres
--

ALTER TABLE ONLY public.loan
    ADD CONSTRAINT loan_bookcopy_id_88190ed0_fk_bookcopy_bookcopy_id FOREIGN KEY (bookcopy_id) REFERENCES public.bookcopy(bookcopy_id) DEFERRABLE INITIALLY DEFERRED;


--
-- Name: loan loan_reader_id_d14a5310_fk_reader_reader_id; Type: FK CONSTRAINT; Schema: public; Owner: postgres
--

ALTER TABLE ONLY public.loan
    ADD CONSTRAINT loan_reader_id_d14a5310_fk_reader_reader_id FOREIGN KEY (reader_id) REFERENCES public.reader(reader_id) DEFERRABLE INITIALLY DEFERRED;


--
-- Name: loan loan_status_id_dcdb80b8_fk_status_status_id; Type: FK CONSTRAINT; Schema: public; Owner: postgres
--

ALTER TABLE ONLY public.loan
    ADD CONSTRAINT loan_status_id_dcdb80b8_fk_status_status_id FOREIGN KEY (status_id) REFERENCES public.status(status_id) DEFERRABLE INITIALLY DEFERRED;


--
-- Name: user user_reader_id_083aac6d_fk_reader_reader_id; Type: FK CONSTRAINT; Schema: public; Owner: postgres
--

ALTER TABLE ONLY public."user"
    ADD CONSTRAINT user_reader_id_083aac6d_fk_reader_reader_id FOREIGN KEY (reader_id) REFERENCES public.reader(reader_id) DEFERRABLE INITIALLY DEFERRED;


--
-- Name: user user_role_98c1d1d0_fk_role_role_id; Type: FK CONSTRAINT; Schema: public; Owner: postgres
--

ALTER TABLE ONLY public."user"
    ADD CONSTRAINT user_role_98c1d1d0_fk_role_role_id FOREIGN KEY (role) REFERENCES public.role(role_id) DEFERRABLE INITIALLY DEFERRED;


--
-- PostgreSQL database dump complete
--

